,Type,InputFile,Mean,Std
0,Node,1,20.0,0.0
1,Edge,1,29.0,0.0
2,DCen,1,0.1526315789473684,0.04965253227398212
3,CCen,1,0.08757442849548112,0.06177559375972403
4,BCen,1,0.003508771929824561,0.006446025638903098
